Year,min_energy_spot_price_€/kWh,min_public_charging_cost_€/kWh,min_public_diesel_cost_€/l,min_flexibility_price_€/MWh,mean_energy_spot_price_€/kWh,mean_public_charging_cost_€/kWh,mean_public_diesel_cost_€/l,mean_flexibility_price_€/MWh,max_energy_spot_price_€/kWh,max_public_charging_cost_€/kWh,max_public_diesel_cost_€/l,max_flexibility_price_€/MWh
2025,0.12291666666666667,0.20000000000000007,1.1000000000000003,40.00000000000001,0.22291666666666668,0.5999999999999998,1.6000000000000005,120.0,0.4229166666666666,0.8999999999999998,2.5,220.00000000000003
2026,0.11791666666666667,0.19500000000000006,1.1500000000000004,50.0,0.21791666666666668,0.5949999999999998,1.6500000000000006,130.0,0.4179166666666666,0.8949999999999998,2.55,230.00000000000003
2027,0.11291666666666667,0.19000000000000006,1.2000000000000004,60.000000000000014,0.21291666666666667,0.5899999999999997,1.7000000000000006,140.0,0.4129166666666666,0.8899999999999998,2.5999999999999996,240.00000000000006
2028,0.10791666666666666,0.18500000000000005,1.2500000000000004,70.0,0.20791666666666667,0.5849999999999997,1.7500000000000007,150.00000000000003,0.4079166666666666,0.8849999999999998,2.6499999999999995,250.0
2029,0.10291666666666666,0.18000000000000005,1.3000000000000005,80.00000000000001,0.20291666666666666,0.5799999999999997,1.8000000000000007,160.00000000000003,0.4029166666666666,0.8799999999999998,2.6999999999999993,260.0
2030,0.09791666666666665,0.17500000000000004,1.3500000000000005,90.0,0.19791666666666666,0.5749999999999997,1.8500000000000008,170.00000000000003,0.3979166666666666,0.8749999999999998,2.749999999999999,270.0
2031,0.09291666666666665,0.17000000000000004,1.4000000000000006,99.99999999999999,0.19291666666666665,0.5699999999999997,1.9000000000000008,180.00000000000006,0.3929166666666666,0.8699999999999998,2.799999999999999,280.0
2032,0.08791666666666664,0.16500000000000004,1.4500000000000006,109.99999999999999,0.18791666666666665,0.5649999999999997,1.9500000000000008,190.00000000000006,0.3879166666666666,0.8649999999999998,2.8499999999999988,290.00000000000006
2033,0.08291666666666664,0.16000000000000003,1.5000000000000007,119.99999999999999,0.18291666666666664,0.5599999999999997,2.000000000000001,200.00000000000009,0.38291666666666657,0.8599999999999998,2.8999999999999986,300.00000000000006
2034,0.07791666666666663,0.15500000000000003,1.5500000000000007,129.99999999999997,0.17791666666666664,0.5549999999999997,2.0500000000000007,210.00000000000009,0.37791666666666657,0.8549999999999998,2.9499999999999984,310.00000000000006
2035,0.07291666666666663,0.15000000000000002,1.6000000000000008,139.99999999999997,0.17291666666666664,0.5499999999999997,2.1000000000000005,220.0000000000001,0.37291666666666656,0.8499999999999998,2.9999999999999982,320.00000000000006
2036,0.06791666666666663,0.14500000000000002,1.6500000000000008,150.00000000000003,0.16791666666666663,0.5449999999999997,2.1500000000000004,230.00000000000009,0.36791666666666656,0.8449999999999998,3.049999999999998,330.00000000000006
2037,0.06291666666666662,0.14,1.7000000000000008,160.00000000000003,0.16291666666666663,0.5399999999999997,2.2,240.00000000000014,0.36291666666666655,0.8399999999999997,3.099999999999998,340.00000000000006
2038,0.05791666666666662,0.135,1.7500000000000009,170.00000000000003,0.15791666666666662,0.5349999999999997,2.25,250.0000000000001,0.35791666666666655,0.8349999999999997,3.1499999999999977,350.0000000000001
2039,0.052916666666666626,0.13,1.800000000000001,180.00000000000006,0.15291666666666662,0.5299999999999997,2.3,260.00000000000017,0.35291666666666655,0.8299999999999997,3.1999999999999975,360.0000000000001
2040,0.04791666666666663,0.125,1.850000000000001,190.00000000000006,0.1479166666666666,0.5249999999999997,2.3499999999999996,270.0000000000001,0.34791666666666654,0.8249999999999997,3.2499999999999973,370.0000000000001
2041,0.04291666666666663,0.12,1.900000000000001,200.00000000000006,0.1429166666666666,0.5199999999999997,2.3999999999999995,280.00000000000017,0.34291666666666654,0.8199999999999997,3.299999999999997,380.0000000000001
2042,0.03791666666666663,0.11499999999999999,1.950000000000001,210.00000000000009,0.1379166666666666,0.5149999999999997,2.4499999999999993,290.00000000000017,0.33791666666666653,0.8149999999999997,3.349999999999997,390.0000000000001
2043,0.032916666666666636,0.10999999999999999,2.000000000000001,220.00000000000009,0.1329166666666666,0.5099999999999997,2.499999999999999,300.0000000000002,0.3329166666666665,0.8099999999999997,3.399999999999997,400.00000000000017
2044,0.027916666666666635,0.10499999999999998,2.0500000000000007,230.00000000000009,0.1279166666666666,0.5049999999999997,2.549999999999999,310.00000000000017,0.3279166666666665,0.8049999999999997,3.4499999999999966,410.0000000000001
2045,0.022916666666666634,0.09999999999999998,2.1000000000000005,240.0000000000001,0.12291666666666659,0.49999999999999967,2.5999999999999988,320.0000000000002,0.3229166666666665,0.7999999999999997,3.4999999999999964,420.00000000000017
