Hour,min_arbitrage_price_€/MWh,mean_arbitrage_price_€/MWh,max_arbitrage_price_€/MWh,min_flexibility_price_€/MWh,mean_flexibility_price_€/MWh,max_flexibility_price_€/MWh,min_public_charging_cost_€/kWh,mean_public_charging_cost_€/kWh,max_public_charging_cost_€/kWh,min_public_diesel_cost_€/l,mean_public_diesel_cost_€/l,max_public_diesel_cost_€/l
1,170.07999999999998,170.07999999999998,170.07999999999998,62.064750000000004,62.064750000000004,62.064750000000004,0.59,0.59,0.59,1.78,1.78,1.78
2,155.6825,155.6825,155.6825,62.919500000000006,62.919500000000006,62.919500000000006,0.59,0.59,0.59,1.78,1.78,1.78
3,146.195,146.195,146.195,70.02575,70.02575,70.02575,0.59,0.59,0.59,1.78,1.78,1.78
4,143.92999999999998,143.92999999999998,143.92999999999998,84.43225,84.43225,84.43225,0.59,0.59,0.59,1.78,1.78,1.78
5,144.745,144.745,144.745,82.03550000000001,82.03550000000001,82.03550000000001,0.59,0.59,0.59,1.78,1.78,1.78
6,157.70499999999998,157.70499999999998,157.70499999999998,72.96525000000001,72.96525000000001,72.96525000000001,0.59,0.59,0.59,1.78,1.78,1.78
7,188.475,188.475,188.475,48.67925000000001,48.67925000000001,48.67925000000001,0.59,0.59,0.59,1.78,1.78,1.78
8,167.615,167.615,167.615,49.66675000000001,49.66675000000001,49.66675000000001,0.59,0.59,0.59,1.78,1.78,1.78
9,136.3825,136.3825,136.3825,90.5915,90.5915,90.5915,0.59,0.59,0.59,1.78,1.78,1.78
10,114.815,114.815,114.815,96.78225000000002,96.78225000000002,96.78225000000002,0.59,0.59,0.59,1.78,1.78,1.78
11,97.2625,97.2625,97.2625,105.41250000000001,105.41250000000001,105.41250000000001,0.59,0.59,0.59,1.78,1.78,1.78
12,80.9525,80.9525,80.9525,104.99975000000002,104.99975000000002,104.99975000000002,0.59,0.59,0.59,1.78,1.78,1.78
13,70.765,70.765,70.765,276.35650000000004,276.35650000000004,276.35650000000004,0.59,0.59,0.59,1.78,1.78,1.78
14,68.9375,68.9375,68.9375,273.67875,273.67875,273.67875,0.59,0.59,0.59,1.78,1.78,1.78
15,74.1625,74.1625,74.1625,248.14874999999998,248.14874999999998,248.14874999999998,0.59,0.59,0.59,1.78,1.78,1.78
16,97.0425,97.0425,97.0425,256.93625000000003,256.93625000000003,256.93625000000003,0.59,0.59,0.59,1.78,1.78,1.78
17,112.67,112.67,112.67,109.089,109.089,109.089,0.59,0.59,0.59,1.78,1.78,1.78
18,136.7875,136.7875,136.7875,94.39125,94.39125,94.39125,0.59,0.59,0.59,1.78,1.78,1.78
19,222.3,222.3,222.3,93.325,93.325,93.325,0.59,0.59,0.59,1.78,1.78,1.78
20,536.6825,536.6825,536.6825,87.599,87.599,87.599,0.59,0.59,0.59,1.78,1.78,1.78
21,697.6424999999999,697.6424999999999,697.6424999999999,78.93875,78.93875,78.93875,0.59,0.59,0.59,1.78,1.78,1.78
22,644.3525,644.3525,644.3525,79.18350000000002,79.18350000000002,79.18350000000002,0.59,0.59,0.59,1.78,1.78,1.78
23,393.775,393.775,393.775,80.95725,80.95725,80.95725,0.59,0.59,0.59,1.78,1.78,1.78
24,225.55,225.55,225.55,84.38775,84.38775,84.38775,0.59,0.59,0.59,1.78,1.78,1.78
