day_ID,trip_ID,trip_window_start_time_hhmm,trip_window_end_time_hhmm,trip_distance_km,trip_duration_h,trip_date,trip_start_location,trip_end_location,source_fingerprint
1,1,00:00,24:00,100.6,1.481,2026-06-22,71706 Markgröningen Deutschland,74677 Dörzbach Deutschland,fc8c150d7ad1c3ae2709d8beafbf53d59c3a21f81313751c68d9a103c81cb510
1,2,00:00,24:00,84.5,1.323,2026-06-22,74676 Niedernhall Deutschland,97076 Würzburg Deutschland,fc8c150d7ad1c3ae2709d8beafbf53d59c3a21f81313751c68d9a103c81cb510
1,3,00:00,24:00,85.0,1.334,2026-06-22,97076 Würzburg Deutschland,74676 Niedernhall Deutschland,fc8c150d7ad1c3ae2709d8beafbf53d59c3a21f81313751c68d9a103c81cb510
1,4,08:00,15:00,191.7,2.686,2026-06-22,76661 Philippsburg Deutschland,73479 Ellwangen (Jagst) Deutschland,fc8c150d7ad1c3ae2709d8beafbf53d59c3a21f81313751c68d9a103c81cb510
2,1,00:00,24:00,311.1,4.086,2026-06-23,51702 Bergneustadt Deutschland,74677 Dörzbach Deutschland,fc8c150d7ad1c3ae2709d8beafbf53d59c3a21f81313751c68d9a103c81cb510
2,2,00:00,24:00,329.0,4.272,2026-06-23,58513 Lüdenscheid Deutschland,74677 Dörzbach Deutschland,fc8c150d7ad1c3ae2709d8beafbf53d59c3a21f81313751c68d9a103c81cb510
2,3,00:00,24:00,382.2,5.239,2026-06-23,59067 Hamm Deutschland,74670 Forchtenberg Deutschland,fc8c150d7ad1c3ae2709d8beafbf53d59c3a21f81313751c68d9a103c81cb510
2,4,00:00,24:00,395.1,5.193,2026-06-23,59067 Hamm Deutschland,74677 Dörzbach Deutschland,fc8c150d7ad1c3ae2709d8beafbf53d59c3a21f81313751c68d9a103c81cb510
2,5,00:00,24:00,128.7,1.969,2026-06-23,73207 Plochingen Deutschland,74677 Dörzbach Deutschland,fc8c150d7ad1c3ae2709d8beafbf53d59c3a21f81313751c68d9a103c81cb510
2,6,00:00,24:00,430.7,5.488,2026-06-23,74635 Kupferzell Deutschland,04808 Wurzen Deutschland,fc8c150d7ad1c3ae2709d8beafbf53d59c3a21f81313751c68d9a103c81cb510
2,7,00:00,24:00,93.6,1.301,2026-06-23,74677 Dörzbach Deutschland,71679 Asperg Deutschland,fc8c150d7ad1c3ae2709d8beafbf53d59c3a21f81313751c68d9a103c81cb510
2,8,00:00,24:00,101.7,1.295,2026-06-23,91126 Rednitzhembach Deutschland,74532 Ilshofen Deutschland,fc8c150d7ad1c3ae2709d8beafbf53d59c3a21f81313751c68d9a103c81cb510
2,9,07:00,16:00,128.1,1.745,2026-06-23,74635 Kupferzell Deutschland,73262 Reichenbach an der Fils Deutschland,fc8c150d7ad1c3ae2709d8beafbf53d59c3a21f81313751c68d9a103c81cb510
2,10,08:00,24:00,92.8,1.298,2026-06-23,71679 Asperg Deutschland,74677 Dörzbach Deutschland,fc8c150d7ad1c3ae2709d8beafbf53d59c3a21f81313751c68d9a103c81cb510
3,1,00:00,24:00,311.1,4.086,2026-06-24,51702 Bergneustadt Deutschland,74677 Dörzbach Deutschland,fc8c150d7ad1c3ae2709d8beafbf53d59c3a21f81313751c68d9a103c81cb510
3,2,00:00,24:00,293.5,4.139,2026-06-24,57489 Drolshagen Deutschland,74670 Forchtenberg Deutschland,fc8c150d7ad1c3ae2709d8beafbf53d59c3a21f81313751c68d9a103c81cb510
3,3,00:00,24:00,375.7,4.917,2026-06-24,58300 Wetter (Ruhr) Deutschland,74677 Dörzbach Deutschland,fc8c150d7ad1c3ae2709d8beafbf53d59c3a21f81313751c68d9a103c81cb510
3,4,00:00,24:00,365.6,4.763,2026-06-24,58300 Wetter (Ruhr) Deutschland,97944 Boxberg Deutschland,fc8c150d7ad1c3ae2709d8beafbf53d59c3a21f81313751c68d9a103c81cb510
3,5,00:00,24:00,329.0,4.272,2026-06-24,58513 Lüdenscheid Deutschland,74677 Dörzbach Deutschland,fc8c150d7ad1c3ae2709d8beafbf53d59c3a21f81313751c68d9a103c81cb510
3,6,00:00,24:00,100.6,1.481,2026-06-24,71706 Markgröningen Deutschland,74677 Dörzbach Deutschland,fc8c150d7ad1c3ae2709d8beafbf53d59c3a21f81313751c68d9a103c81cb510
3,7,00:00,24:00,128.7,1.969,2026-06-24,73207 Plochingen Deutschland,74677 Dörzbach Deutschland,fc8c150d7ad1c3ae2709d8beafbf53d59c3a21f81313751c68d9a103c81cb510
3,8,00:00,24:00,101.8,1.541,2026-06-24,74423 Obersontheim Deutschland,75428 Illingen Deutschland,fc8c150d7ad1c3ae2709d8beafbf53d59c3a21f81313751c68d9a103c81cb510
3,9,00:00,24:00,192.9,2.49,2026-06-24,74635 Kupferzell Deutschland,78609 Tuningen Deutschland,fc8c150d7ad1c3ae2709d8beafbf53d59c3a21f81313751c68d9a103c81cb510
3,10,00:00,24:00,223.6,2.862,2026-06-24,74635 Kupferzell Deutschland,93055 Regensburg Deutschland,fc8c150d7ad1c3ae2709d8beafbf53d59c3a21f81313751c68d9a103c81cb510
3,11,00:00,24:00,86.2,1.39,2026-06-24,74638 Waldenburg Deutschland,71706 Markgröningen Deutschland,fc8c150d7ad1c3ae2709d8beafbf53d59c3a21f81313751c68d9a103c81cb510
3,12,00:00,24:00,298.2,4.144,2026-06-24,74670 Forchtenberg Deutschland,51702 Bergneustadt Deutschland,fc8c150d7ad1c3ae2709d8beafbf53d59c3a21f81313751c68d9a103c81cb510
3,13,00:00,24:00,315.8,4.325,2026-06-24,74670 Forchtenberg Deutschland,58513 Lüdenscheid Deutschland,fc8c150d7ad1c3ae2709d8beafbf53d59c3a21f81313751c68d9a103c81cb510
3,14,00:00,24:00,359.7,5.049,2026-06-24,74670 Forchtenberg Deutschland,59757 Arnsberg Deutschland,fc8c150d7ad1c3ae2709d8beafbf53d59c3a21f81313751c68d9a103c81cb510
3,15,00:00,24:00,78.9,1.307,2026-06-24,74670 Forchtenberg Deutschland,71706 Markgröningen Deutschland,fc8c150d7ad1c3ae2709d8beafbf53d59c3a21f81313751c68d9a103c81cb510
3,16,00:00,24:00,107.7,1.83,2026-06-24,74670 Forchtenberg Deutschland,73207 Plochingen Deutschland,fc8c150d7ad1c3ae2709d8beafbf53d59c3a21f81313751c68d9a103c81cb510
3,17,00:00,24:00,311.1,4.099,2026-06-24,74677 Dörzbach Deutschland,51702 Bergneustadt Deutschland,fc8c150d7ad1c3ae2709d8beafbf53d59c3a21f81313751c68d9a103c81cb510
3,18,00:00,24:00,372.5,5.004,2026-06-24,74677 Dörzbach Deutschland,59757 Arnsberg Deutschland,fc8c150d7ad1c3ae2709d8beafbf53d59c3a21f81313751c68d9a103c81cb510
3,19,00:00,24:00,93.6,1.301,2026-06-24,74677 Dörzbach Deutschland,71679 Asperg Deutschland,fc8c150d7ad1c3ae2709d8beafbf53d59c3a21f81313751c68d9a103c81cb510
3,20,00:00,24:00,116.8,1.597,2026-06-24,75428 Illingen Deutschland,74423 Obersontheim Deutschland,fc8c150d7ad1c3ae2709d8beafbf53d59c3a21f81313751c68d9a103c81cb510
3,21,00:00,24:00,103.8,1.453,2026-06-24,75428 Illingen Deutschland,74523 Schwäbisch Hall Deutschland,fc8c150d7ad1c3ae2709d8beafbf53d59c3a21f81313751c68d9a103c81cb510
3,22,07:00,14:00,348.1,4.596,2026-06-24,58091 Hagen Deutschland,74677 Dörzbach Deutschland,fc8c150d7ad1c3ae2709d8beafbf53d59c3a21f81313751c68d9a103c81cb510
3,23,07:00,14:00,338.0,4.442,2026-06-24,58091 Hagen Deutschland,97944 Boxberg Deutschland,fc8c150d7ad1c3ae2709d8beafbf53d59c3a21f81313751c68d9a103c81cb510
3,24,07:00,14:00,329.0,4.272,2026-06-24,58513 Lüdenscheid Deutschland,74677 Dörzbach Deutschland,fc8c150d7ad1c3ae2709d8beafbf53d59c3a21f81313751c68d9a103c81cb510
3,25,08:00,16:00,153.2,1.952,2026-06-24,74635 Kupferzell Deutschland,89275 Elchingen Deutschland,fc8c150d7ad1c3ae2709d8beafbf53d59c3a21f81313751c68d9a103c81cb510
4,1,00:00,24:00,311.1,4.086,2026-06-25,51702 Bergneustadt Deutschland,74677 Dörzbach Deutschland,fc8c150d7ad1c3ae2709d8beafbf53d59c3a21f81313751c68d9a103c81cb510
4,2,00:00,24:00,365.6,4.763,2026-06-25,58300 Wetter (Ruhr) Deutschland,97944 Boxberg Deutschland,fc8c150d7ad1c3ae2709d8beafbf53d59c3a21f81313751c68d9a103c81cb510
4,3,00:00,24:00,329.0,4.272,2026-06-25,58513 Lüdenscheid Deutschland,74677 Dörzbach Deutschland,fc8c150d7ad1c3ae2709d8beafbf53d59c3a21f81313751c68d9a103c81cb510
4,4,00:00,24:00,383.2,5.052,2026-06-25,59757 Arnsberg Deutschland,74677 Dörzbach Deutschland,fc8c150d7ad1c3ae2709d8beafbf53d59c3a21f81313751c68d9a103c81cb510
4,5,00:00,24:00,100.6,1.481,2026-06-25,71706 Markgröningen Deutschland,74677 Dörzbach Deutschland,fc8c150d7ad1c3ae2709d8beafbf53d59c3a21f81313751c68d9a103c81cb510
4,6,00:00,24:00,128.7,1.969,2026-06-25,73207 Plochingen Deutschland,74677 Dörzbach Deutschland,fc8c150d7ad1c3ae2709d8beafbf53d59c3a21f81313751c68d9a103c81cb510
4,7,00:00,24:00,86.1,1.31,2026-06-25,74193 Schwaigern Deutschland,74423 Obersontheim Deutschland,fc8c150d7ad1c3ae2709d8beafbf53d59c3a21f81313751c68d9a103c81cb510
4,8,00:00,24:00,87.4,1.314,2026-06-25,74423 Obersontheim Deutschland,74193 Schwaigern Deutschland,fc8c150d7ad1c3ae2709d8beafbf53d59c3a21f81313751c68d9a103c81cb510
4,9,00:00,24:00,101.8,1.541,2026-06-25,74423 Obersontheim Deutschland,75428 Illingen Deutschland,fc8c150d7ad1c3ae2709d8beafbf53d59c3a21f81313751c68d9a103c81cb510
4,10,00:00,24:00,169.9,2.335,2026-06-25,74635 Kupferzell Deutschland,63128 Dietzenbach Deutschland,fc8c150d7ad1c3ae2709d8beafbf53d59c3a21f81313751c68d9a103c81cb510
4,11,00:00,24:00,109.6,1.433,2026-06-25,74635 Kupferzell Deutschland,70794 Filderstadt Deutschland,fc8c150d7ad1c3ae2709d8beafbf53d59c3a21f81313751c68d9a103c81cb510
4,12,00:00,24:00,85.2,1.191,2026-06-25,74635 Kupferzell Deutschland,70839 Gerlingen Deutschland,fc8c150d7ad1c3ae2709d8beafbf53d59c3a21f81313751c68d9a103c81cb510
4,13,00:00,24:00,108.9,1.396,2026-06-25,74635 Kupferzell Deutschland,91126 Schwabach Deutschland,fc8c150d7ad1c3ae2709d8beafbf53d59c3a21f81313751c68d9a103c81cb510
4,14,00:00,13:00,133.9,2.12,2026-06-25,74638 Waldenburg Deutschland,97520 Röthlein Deutschland,fc8c150d7ad1c3ae2709d8beafbf53d59c3a21f81313751c68d9a103c81cb510
4,15,00:00,24:00,63.6,1.145,2026-06-25,74638 Waldenburg Deutschland,97944 Boxberg Deutschland,fc8c150d7ad1c3ae2709d8beafbf53d59c3a21f81313751c68d9a103c81cb510
4,16,00:00,24:00,63.6,1.145,2026-06-25,74638 Waldenburg Deutschland,97944 Boxberg Deutschland,fc8c150d7ad1c3ae2709d8beafbf53d59c3a21f81313751c68d9a103c81cb510
4,17,00:00,24:00,341.4,4.986,2026-06-25,74670 Forchtenberg Deutschland,58762 Altena Deutschland,fc8c150d7ad1c3ae2709d8beafbf53d59c3a21f81313751c68d9a103c81cb510
4,18,00:00,24:00,311.1,4.099,2026-06-25,74677 Dörzbach Deutschland,51702 Bergneustadt Deutschland,fc8c150d7ad1c3ae2709d8beafbf53d59c3a21f81313751c68d9a103c81cb510
4,19,00:00,24:00,328.7,4.279,2026-06-25,74677 Dörzbach Deutschland,58513 Lüdenscheid Deutschland,fc8c150d7ad1c3ae2709d8beafbf53d59c3a21f81313751c68d9a103c81cb510
4,20,00:00,24:00,354.3,4.941,2026-06-25,74677 Dörzbach Deutschland,58762 Altena Deutschland,fc8c150d7ad1c3ae2709d8beafbf53d59c3a21f81313751c68d9a103c81cb510
4,21,00:00,24:00,354.3,4.941,2026-06-25,74677 Dörzbach Deutschland,58762 Altena Deutschland,fc8c150d7ad1c3ae2709d8beafbf53d59c3a21f81313751c68d9a103c81cb510
4,22,00:00,24:00,114.1,1.738,2026-06-25,74677 Dörzbach Deutschland,70197 Stuttgart Deutschland,fc8c150d7ad1c3ae2709d8beafbf53d59c3a21f81313751c68d9a103c81cb510
4,23,00:00,24:00,93.6,1.301,2026-06-25,74677 Dörzbach Deutschland,71679 Asperg Deutschland,fc8c150d7ad1c3ae2709d8beafbf53d59c3a21f81313751c68d9a103c81cb510
4,24,00:00,24:00,129.8,2.006,2026-06-25,74677 Dörzbach Deutschland,73207 Plochingen Deutschland,fc8c150d7ad1c3ae2709d8beafbf53d59c3a21f81313751c68d9a103c81cb510
4,25,00:00,24:00,116.8,1.597,2026-06-25,75428 Illingen Deutschland,74423 Obersontheim Deutschland,fc8c150d7ad1c3ae2709d8beafbf53d59c3a21f81313751c68d9a103c81cb510
4,26,00:00,24:00,103.8,1.453,2026-06-25,75428 Illingen Deutschland,74523 Schwäbisch Hall Deutschland,fc8c150d7ad1c3ae2709d8beafbf53d59c3a21f81313751c68d9a103c81cb510
4,27,00:00,24:00,223.7,2.874,2026-06-25,93055 Regensburg Deutschland,74635 Kupferzell Deutschland,fc8c150d7ad1c3ae2709d8beafbf53d59c3a21f81313751c68d9a103c81cb510
4,28,07:00,14:00,298.2,4.144,2026-06-25,74670 Forchtenberg Deutschland,51702 Bergneustadt Deutschland,fc8c150d7ad1c3ae2709d8beafbf53d59c3a21f81313751c68d9a103c81cb510
4,29,07:00,14:00,315.8,4.325,2026-06-25,74670 Forchtenberg Deutschland,58513 Lüdenscheid Deutschland,fc8c150d7ad1c3ae2709d8beafbf53d59c3a21f81313751c68d9a103c81cb510
5,1,00:00,24:00,516.7,6.668,2026-06-26,06925 Annaburg Deutschland,74360 Ilsfeld Deutschland,fc8c150d7ad1c3ae2709d8beafbf53d59c3a21f81313751c68d9a103c81cb510
5,2,00:00,24:00,365.8,4.745,2026-06-26,58636 Iserlohn Deutschland,74677 Dörzbach Deutschland,fc8c150d7ad1c3ae2709d8beafbf53d59c3a21f81313751c68d9a103c81cb510
5,3,00:00,24:00,354.1,4.919,2026-06-26,58762 Altena Deutschland,74677 Dörzbach Deutschland,fc8c150d7ad1c3ae2709d8beafbf53d59c3a21f81313751c68d9a103c81cb510
5,4,00:00,24:00,344.0,4.765,2026-06-26,58762 Altena Deutschland,97944 Boxberg Deutschland,fc8c150d7ad1c3ae2709d8beafbf53d59c3a21f81313751c68d9a103c81cb510
5,5,00:00,24:00,108.1,1.519,2026-06-26,71665 Vaihingen an der Enz Deutschland,74423 Obersontheim Deutschland,fc8c150d7ad1c3ae2709d8beafbf53d59c3a21f81313751c68d9a103c81cb510
5,6,00:00,24:00,100.6,1.481,2026-06-26,71706 Markgröningen Deutschland,74677 Dörzbach Deutschland,fc8c150d7ad1c3ae2709d8beafbf53d59c3a21f81313751c68d9a103c81cb510
5,7,00:00,24:00,113.1,1.572,2026-06-26,74635 Kupferzell Deutschland,75203 Königsbach-Stein Deutschland,fc8c150d7ad1c3ae2709d8beafbf53d59c3a21f81313751c68d9a103c81cb510
5,8,00:00,24:00,78.9,1.307,2026-06-26,74670 Forchtenberg Deutschland,71706 Markgröningen Deutschland,fc8c150d7ad1c3ae2709d8beafbf53d59c3a21f81313751c68d9a103c81cb510
5,9,00:00,24:00,78.9,1.307,2026-06-26,74670 Forchtenberg Deutschland,71706 Markgröningen Deutschland,fc8c150d7ad1c3ae2709d8beafbf53d59c3a21f81313751c68d9a103c81cb510
5,10,00:00,24:00,100.9,1.483,2026-06-26,74677 Dörzbach Deutschland,71706 Markgröningen Deutschland,fc8c150d7ad1c3ae2709d8beafbf53d59c3a21f81313751c68d9a103c81cb510
5,11,00:00,24:00,129.8,2.006,2026-06-26,74677 Dörzbach Deutschland,73207 Plochingen Deutschland,fc8c150d7ad1c3ae2709d8beafbf53d59c3a21f81313751c68d9a103c81cb510
5,12,07:30,15:00,70.5,1.079,2026-06-26,74532 Ilshofen Deutschland,73547 Lorch Deutschland,fc8c150d7ad1c3ae2709d8beafbf53d59c3a21f81313751c68d9a103c81cb510
5,13,10:00,24:00,113.3,1.474,2026-06-26,67105 Schifferstadt Deutschland,74635 Kupferzell Deutschland,fc8c150d7ad1c3ae2709d8beafbf53d59c3a21f81313751c68d9a103c81cb510
